INSERT INTO `klienci` (`klient_id`, `nazwa`, `segment`, `miasto_id`) VALUES 
  (1, 'Klient 1', 'A', 1),
  (2, 'Klient 2', 'B', 2),
  (3, 'Klient 3', 'B', 3),
  (4, 'Klient 4', 'A', 4),
  (5, 'Klient 5', 'B', 5),
  (6, 'Klient 6', 'B', 6),
  (7, 'Klient 7', 'C', 4),
  (8, 'Klient 8', 'B', 5),
  (9, 'Klient 9', 'B', 1),
  (10, 'Klient 10', 'C', 7),
  (11, 'Klient 11', 'C', 4),
  (12, 'Klient 12', 'C', 8),
  (13, 'Klient 13', 'B', 6),
  (14, 'Klient 14', 'B', 1),
  (15, 'Klient 15', 'B', 6),
  (16, 'Klient 16', 'B', 9),
  (17, 'Klient 17', 'B', 4),
  (18, 'Klient 18', 'B', 10),
  (19, 'Klient 19', 'B', 11),
  (20, 'Klient 20', 'B', 4),
  (21, 'Klient 21', 'B', 7),
  (22, 'Klient 22', 'B', 5),
  (23, 'Klient 23', 'B', 6),
  (24, 'Klient 24', 'A', 1),
  (25, 'Klient 25', 'A', 1),
  (26, 'Klient 26', 'C', 4),
  (27, 'Klient 27', 'C', 4),
  (28, 'Klient 28', 'B', 5),
  (29, 'Klient 29', 'A', 1),
  (30, 'Klient 30', 'B', 4),
  (31, 'Klient 31', 'B', 5),
  (32, 'Klient 32', 'B', 5),
  (33, 'Klient 33', 'B', 4),
  (34, 'Klient 34', 'B', 12),
  (35, 'Klient 35', 'A', 6),
  (36, 'Klient 36', 'C', 5),
  (37, 'Klient 37', 'C', 5),
  (38, 'Klient 38', 'C', 13),
  (39, 'Klient 39', 'B', 14),
  (40, 'Klient 40', 'B', 15),
  (41, 'Klient 41', 'B', 16),
  (42, 'Klient 42', 'C', 5),
  (43, 'Klient 43', 'C', 4),
  (44, 'Klient 44', 'A', 1),
  (45, 'Klient 45', 'B', 5),
  (46, 'Klient 46', 'B', 17),
  (47, 'Klient 47', 'C', 4),
  (48, 'Klient 48', 'B', 11),
  (49, 'Klient 49', 'B', 18),
  (50, 'Klient 50', 'A', 10),
  (51, 'Klient 51', 'C', 5),
  (52, 'Klient 52', 'C', 4),
  (53, 'Klient 53', 'B', 1),
  (54, 'Klient 54', 'B', 5),
  (55, 'Klient 55', 'B', 7),
  (56, 'Klient 56', 'B', 5),
  (57, 'Klient 57', 'B', 19),
  (58, 'Klient 58', 'B', 5),
  (59, 'Klient 59', 'B', 5),
  (60, 'Klient 60', 'C', 3),
  (61, 'Klient 61', 'C', 20),
  (62, 'Klient 62', 'B', 5),
  (63, 'Klient 63', 'A', 4),
  (64, 'Klient 64', 'A', 10),
  (65, 'Klient 65', 'C', 4),
  (66, 'Klient 66', 'B', 21),
  (67, 'Klient 67', 'A', 22),
  (68, 'Klient 68', 'C', 4),
  (69, 'Klient 69', 'C', 4),
  (70, 'Klient 70', 'A', 23),
  (71, 'Klient 71', 'C', 4),
  (72, 'Klient 72', 'C', 4),
  (73, 'Klient 73', 'C', 4),
  (74, 'Klient 74', 'A', 1),
  (75, 'Klient 75', 'C', 1),
  (76, 'Klient 76', 'C', 4),
  (77, 'Klient 77', 'C', 1),
  (78, 'Klient 78', 'C', 4),
  (79, 'Klient 79', 'C', 4),
  (80, 'Klient 80', 'B', 11),
  (81, 'Klient 81', 'B', 14),
  (82, 'Klient 82', 'B', 5),
  (83, 'Klient 83', 'C', 4),
  (84, 'Klient 84', 'C', 24),
  (85, 'Klient 85', 'C', 25),
  (86, 'Klient 86', 'C', 4),
  (87, 'Klient 87', 'B', 16),
  (88, 'Klient 88', 'C', 4),
  (89, 'Klient 89', 'C', 4),
  (90, 'Klient 90', 'C', 3),
  (91, 'Klient 91', 'B', 6),
  (92, 'Klient 92', 'B', 10),
  (93, 'Klient 93', 'A', 26),
  (94, 'Klient 94', 'A', 1),
  (95, 'Klient 95', 'B', 10),
  (96, 'Klient 96', 'A', 1),
  (97, 'Klient 97', 'C', 5),
  (98, 'Klient 98', 'A', 1),
  (99, 'Klient 99', 'C', 4),
  (100, 'Klient 100', 'B', 10),
  (101, 'Klient 101', 'B', 4),
  (102, 'Klient 102', 'B', 4),
  (103, 'Klient 103', 'B', 27),
  (104, 'Klient 104', 'A', 1),
  (105, 'Klient 105', 'A', 28),
  (106, 'Klient 106', 'B', 1),
  (107, 'Klient 107', 'B', 1),
  (108, 'Klient 108', 'C', 4),
  (109, 'Klient 109', 'B', 29),
  (110, 'Klient 110', 'C', 1),
  (111, 'Klient 111', 'C', 1),
  (112, 'Klient 112', 'C', 4),
  (113, 'Klient 113', 'B', 4),
  (114, 'Klient 114', 'B', 4),
  (115, 'Klient 115', 'B', 4),
  (116, 'Klient 116', 'A', 1),
  (117, 'Klient 117', 'A', 4),
  (118, 'Klient 118', 'A', 7),
  (119, 'Klient 119', 'A', 10),
  (120, 'Klient 120', 'A', 11),
  (121, 'Klient 121', 'A', 28),
  (122, 'Klient 122', 'A', 1),
  (123, 'Klient 123', 'B', 10),
  (124, 'Klient 124', 'B', 4),
  (125, 'Klient 125', 'C', 5),
  (126, 'Klient 126', 'C', 4),
  (127, 'Klient 127', 'C', 5),
  (128, 'Klient 128', 'B', 4),
  (129, 'Klient 129', 'B', 1),
  (130, 'Klient 130', 'B', 4),
  (131, 'Klient 131', 'C', 5),
  (132, 'Klient 132', 'C', 6),
  (133, 'Klient 133', 'B', 30),
  (134, 'Klient 134', 'C', 4),
  (135, 'Klient 135', 'A', 31),
  (136, 'Klient 136', 'A', 10),
  (137, 'Klient 137', 'D', 1),
  (138, 'Klient 138', 'C', 4),
  (139, 'Klient 139', 'C', 32),
  (140, 'Klient 140', 'A', 33),
  (141, 'Klient 141', 'C', 4),
  (142, 'Klient 142', 'C', 4),
  (143, 'Klient 143', 'C', 4),
  (144, 'Klient 144', 'C', 5),
  (145, 'Klient 145', 'C', 33),
  (146, 'Klient 146', 'A', 34),
  (147, 'Klient 147', 'C', 5),
  (148, 'Klient 148', 'D', 1),
  (149, 'Klient 149', 'A', 4),
  (150, 'Klient 150', 'B', 4),
  (151, 'Klient 151', 'C', 4),
  (152, 'Klient 152', 'A', 1),
  (153, 'Klient 153', 'C', 3),
  (154, 'Klient 154', 'B', 35),
  (155, 'Klient 155', 'A', 5),
  (156, 'Klient 156', 'A', 1),
  (157, 'Klient 157', 'A', 1),
  (158, 'Klient 158', 'A', 4),
  (159, 'Klient 159', 'C', 5),
  (160, 'Klient 160', 'B', 5),
  (161, 'Klient 161', 'C', 4),
  (162, 'Klient 162', 'C', 36),
  (163, 'Klient 163', 'A', 10),
  (164, 'Klient 164', 'A', 5),
  (165, 'Klient 165', 'E', 7),
  (166, 'Klient 166', 'B', 4),
  (167, 'Klient 167', 'A', 4),
  (168, 'Klient 168', 'A', 37),
  (169, 'Klient 169', 'A', 4),
  (170, 'Klient 170', 'A', 4),
  (171, 'Klient 171', 'A', 31),
  (172, 'Klient 172', 'A', 5),
  (173, 'Klient 173', 'A', 10),
  (174, 'Klient 174', 'A', 4),
  (175, 'Klient 175', 'A', 4),
  (176, 'Klient 176', 'A', 4),
  (177, 'Klient 177', 'A', 4),
  (178, 'Klient 178', 'A', 4),
  (179, 'Klient 179', 'A', 4),
  (180, 'Klient 180', 'A', 4),
  (181, 'Klient 181', 'B', 7),
  (182, 'Klient 182', 'E', 38),
  (183, 'Klient 183', 'C', 4),
  (184, 'Klient 184', 'B', 1),
  (185, 'Klient 185', 'D', 39),
  (186, 'Klient 186', 'A', 4),
  (187, 'Klient 187', 'B', 40),
  (188, 'Klient 188', 'A', 4),
  (189, 'Klient 189', 'E', 10),
  (190, 'Klient 190', 'A', 10),
  (191, 'Klient 191', 'A', 10),
  (192, 'Klient 192', 'A', 10),
  (193, 'Klient 193', 'C', 10),
  (194, 'Klient 194', 'A', 10),
  (195, 'Klient 195', 'A', 10),
  (196, 'Klient 196', 'A', 10),
  (197, 'Klient 197', 'A', 10),
  (198, 'Klient 198', 'A', 10),
  (199, 'Klient 199', 'A', 10),
  (200, 'Klient 200', 'A', 10),
  (201, 'Klient 201', 'A', 10),
  (202, 'Klient 202', 'A', 10),
  (203, 'Klient 203', 'A', 10),
  (204, 'Klient 204', 'A', 41),
  (205, 'Klient 205', 'B', 1),
  (206, 'Klient 206', 'C', 10),
  (207, 'Klient 207', 'B', 10),
  (208, 'Klient 208', 'A', 10),
  (209, 'Klient 209', 'A', 10),
  (210, 'Klient 210', 'A', 10),
  (211, 'Klient 211', 'A', 10),
  (212, 'Klient 212', 'A', 10),
  (213, 'Klient 213', 'A', 10),
  (214, 'Klient 214', 'A', 10),
  (215, 'Klient 215', 'A', 10),
  (216, 'Klient 216', 'A', 10),
  (217, 'Klient 217', 'A', 10),
  (218, 'Klient 218', 'A', 10),
  (219, 'Klient 219', 'E', 10),
  (220, 'Klient 220', 'A', 10),
  (221, 'Klient 221', 'A', 10),
  (222, 'Klient 222', 'C', 10),
  (223, 'Klient 223', 'E', 10),
  (224, 'Klient 224', 'B', 1),
  (225, 'Klient 225', 'A', 10),
  (226, 'Klient 226', 'A', 10),
  (227, 'Klient 227', 'A', 10),
  (228, 'Klient 228', 'A', 10),
  (229, 'Klient 229', 'A', 10),
  (230, 'Klient 230', 'A', 10),
  (231, 'Klient 231', 'B', 10),
  (232, 'Klient 232', 'A', 10),
  (233, 'Klient 233', 'A', 10),
  (234, 'Klient 234', 'A', 10),
  (235, 'Klient 235', 'A', 10),
  (236, 'Klient 236', 'A', 10),
  (237, 'Klient 237', 'A', 10),
  (238, 'Klient 238', 'A', 10),
  (239, 'Klient 239', 'A', 10),
  (240, 'Klient 240', 'A', 10),
  (245, 'Klient 245', 'C', 44),
  (246, 'Klient 246', 'A', 1),
  (247, 'Klient 247', 'B', 1),
  (248, 'Klient 248', 'A', 1),
  (249, 'Klient 249', 'C', 1),
  (250, 'Klient 250', 'C', 42),
  (251, 'Klient 251', 'A', 1),
  (252, 'Klient 252', 'B', 43),
  (1007, 'Klient 1007', 'A', 28),
  (1008, 'Klient 1008', 'A', 31),
  (1009, 'Klient 1009', 'E', 1),
  (1010, 'Klient 1010', 'A', 1),
  (1011, 'Klient 1011', 'A', 1),
  (1012, 'Klient 1012', 'A', 10),
  (1013, 'Klient 1013', 'D', 11),
  (1014, 'Klient 1014', 'D', 10),
  (1015, 'Klient 1015', 'A', 1),
  (1016, 'Klient 1016', 'B', 1),
  (1017, 'Klient 1017', 'D', 10),
  (1018, 'Klient 1018', 'D', 46),
  (1019, 'Klient 1019', 'A', 1),
  (1020, 'Klient 1020', 'A', 47),
  (1021, 'Klient 1021', 'A', 4),
  (1022, 'Klient 1022', 'B', 1),
  (1023, 'Klient 1023', 'E', 1),
  (1024, 'Klient 1024', 'A', 1),
  (1025, 'Klient 1025', 'A', 1),
  (1026, 'Klient 1026', 'E', 11),
  (1027, 'Klient 1027', 'C', 1),
  (1028, 'Klient 1028', 'D', 1),
  (1029, 'Klient 1029', 'A', 7),
  (1030, 'Klient 1030', 'A', 1),
  (1031, 'Klient 1031', 'E', 1),
  (1032, 'Klient 1032', 'A', 1),
  (1033, 'Klient 1033', 'A', 1),
  (1034, 'Klient 1034', 'B', 10),
  (1035, 'Klient 1035', 'B', 10),
  (1036, 'Klient 1036', 'D', 10),
  (1037, 'Klient 1037', 'D', 1),
  (1038, 'Klient 1038', 'A', 1),
  (1039, 'Klient 1039', 'D', 1),
  (1040, 'Klient 1040', 'C', 1),
  (1041, 'Klient 1041', 'A', 1),
  (1042, 'Klient 1042', 'D', 4),
  (1043, 'Klient 1043', 'B', 4),
  (1044, 'Klient 1044', 'E', 31),
  (1045, 'Klient 1045', 'D', 48),
  (1046, 'Klient 1046', 'A', 28),
  (1047, 'Klient 1047', 'A', 49),
  (1048, 'Klient 1048', 'A', 1),
  (1049, 'Klient 1049', 'B', 1),
  (1050, 'Klient 1050', 'C', 3),
  (1051, 'Klient 1051', 'B', 4),
  (1052, 'Klient 1052', 'E', 4),
  (1053, 'Klient 1053', 'A', 28),
  (1054, 'Klient 1054', 'E', 1),
  (1055, 'Klient 1055', 'A', 1),
  (1056, 'Klient 1056', 'E', 1),
  (1057, 'Klient 1057', 'C', 18),
  (1058, 'Klient 1058', 'A', 1),
  (1059, 'Klient 1059', 'A', 1),
  (1060, 'Klient 1060', 'A', 10),
  (1061, 'Klient 1061', 'A', 10),
  (1062, 'Klient 1062', 'A', 10),
  (1063, 'Klient 1063', 'A', 7),
  (1064, 'Klient 1064', 'A', 11),
  (1065, 'Klient 1065', 'A', 10),
  (1066, 'Klient 1066', 'A', 10),
  (1067, 'Klient 1067', 'A', 10),
  (1068, 'Klient 1068', 'A', 10),
  (1069, 'Klient 1069', 'A', 1),
  (1070, 'Klient 1070', 'A', 4),
  (1071, 'Klient 1071', 'A', 1),
  (1072, 'Klient 1072', 'C', 1),
  (1073, 'Klient 1073', 'B', 10),
  (1074, 'Klient 1074', 'B', 1),
  (1075, 'Klient 1075', 'C', 43),
  (1076, 'Klient 1076', 'A', 48),
  (1077, 'Klient 1077', 'A', 50),
  (1078, 'Klient 1078', 'A', 7),
  (1079, 'Klient 1079', 'A', 48),
  (1080, 'Klient 1080', 'D', 51),
  (1081, 'Klient 1081', 'A', 1),
  (1082, 'Klient 1082', 'A', 1),
  (1083, 'Klient 1083', 'A', 1),
  (1084, 'Klient 1084', 'A', 1),
  (1085, 'Klient 1085', 'C', 1),
  (1086, 'Klient 1086', 'E', 1),
  (1087, 'Klient 1087', 'B', 11),
  (1088, 'Klient 1088', 'E', 4),
  (1089, 'Klient 1089', 'A', 1),
  (1090, 'Klient 1090', 'A', 28),
  (1091, 'Klient 1091', 'B', 7),
  (1092, 'Klient 1092', 'A', 52),
  (1093, 'Klient 1093', 'A', 10),
  (1094, 'Klient 1094', 'A', 10),
  (1095, 'Klient 1095', 'A', 10),
  (1096, 'Klient 1096', 'A', 30),
  (1097, 'Klient 1097', 'C', 1),
  (1098, 'Klient 1098', 'A', 1),
  (1099, 'Klient 1099', 'D', 11),
  (1100, 'Klient 1100', 'B', 4),
  (1101, 'Klient 1101', 'A', 1),
  (1102, 'Klient 1102', 'C', 1),
  (1103, 'Klient 1103', 'A', 4),
  (1104, 'Klient 1104', 'C', 1),
  (1105, 'Klient 1105', 'A', 1),
  (1106, 'Klient 1106', 'A', 1),
  (1107, 'Klient 1107', 'A', 1),
  (1108, 'Klient 1108', 'A', 1),
  (1109, 'Klient 1109', 'A', 1),
  (1110, 'Klient 1110', 'B', 10),
  (1111, 'Klient 1111', 'A', 10),
  (1112, 'Klient 1112', 'A', 10),
  (1113, 'Klient 1113', 'C', 5),
  (1114, 'Klient 1114', 'A', 10),
  (1115, 'Klient 1115', 'B', 10),
  (1116, 'Klient 1116', 'B', 4),
  (1117, 'Klient 1117', 'B', 1),
  (1118, 'Klient 1118', 'A', 1),
  (1119, 'Klient 1119', 'C', 3),
  (1120, 'Klient 1120', 'B', 53),
  (1121, 'Klient 1121', 'A', 1),
  (1122, 'Klient 1122', 'E', 4),
  (1123, 'Klient 1123', 'B', 1),
  (1124, 'Klient 1124', 'A', 54),
  (1125, 'Klient 1125', 'A', 1),
  (1126, 'Klient 1126', 'D', 14),
  (1127, 'Klient 1127', 'B', 1),
  (1128, 'Klient 1128', 'D', 55),
  (1129, 'Klient 1129', 'A', 41),
  (1130, 'Klient 1130', 'A', 1),
  (1131, 'Klient 1131', 'C', 4),
  (1132, 'Klient 1132', 'B', 56),
  (1133, 'Klient 1133', 'B', 1),
  (1134, 'Klient 1134', 'C', 4),
  (1135, 'Klient 1135', 'B', 1),
  (1136, 'Klient 1136', 'A', 1),
  (1137, 'Klient 1137', 'A', 1),
  (1138, 'Klient 1138', 'A', 1),
  (1139, 'Klient 1139', 'A', 1),
  (1140, 'Klient 1140', 'C', 1),
  (1141, 'Klient 1141', 'C', 1),
  (1142, 'Klient 1142', 'A', 4),
  (1143, 'Klient 1143', 'A', 6),
  (1144, 'Klient 1144', 'A', 1),
  (1145, 'Klient 1145', 'A', 1),
  (1146, 'Klient 1146', 'C', 1),
  (1147, 'Klient 1147', 'C', 1),
  (1148, 'Klient 1148', 'D', 4),
  (1149, 'Klient 1149', 'B', 57),
  (1150, 'Klient 1150', 'E', 1),
  (1151, 'Klient 1151', 'B', 1),
  (1152, 'Klient 1152', 'B', 58),
  (1153, 'Klient 1153', 'B', 59),
  (1154, 'Klient 1154', 'A', 10),
  (1155, 'Klient 1155', 'B', 10),
  (1156, 'Klient 1156', 'A', 10),
  (1157, 'Klient 1157', 'A', 10),
  (1158, 'Klient 1158', 'B', 60),
  (1159, 'Klient 1159', 'A', 10),
  (1160, 'Klient 1160', 'A', 10),
  (1161, 'Klient 1161', 'A', 10),
  (1162, 'Klient 1162', 'A', 1),
  (1163, 'Klient 1163', 'A', 1),
  (1164, 'Klient 1164', 'D', 10),
  (1165, 'Klient 1165', 'A', 61),
  (1166, 'Klient 1166', 'A', 10),
  (1167, 'Klient 1167', 'A', 1),
  (1168, 'Klient 1168', 'C', 62),
  (1169, 'Klient 1169', 'A', 1),
  (1170, 'Klient 1170', 'A', 63),
  (1171, 'Klient 1171', 'A', 64),
  (1172, 'Klient 1172', 'E', 4),
  (1173, 'Klient 1173', 'E', 4),
  (1174, 'Klient 1174', 'A', 1),
  (1175, 'Klient 1175', 'A', 65),
  (1176, 'Klient 1176', 'A', 1),
  (1177, 'Klient 1177', 'A', 1);


COMMIT;

INSERT INTO `miasta` (`miasto_id`, `nazwa`, `populacja`, `obszar_id`) VALUES 
  (1,'Warszawa',1692854,1),
  (2,'Stara Bukówka',NULL,1),
  (3,'P³ock',NULL,1),
  (4,'Gdañsk',459072,4),
  (5,'Gdynia',249162,5),
  (6,'Sopot',39441,4),
  (7,'Kraków',757957,7),
  (8,'Koszalin',108100,8),
  (9,'Morawica',NULL,16),
  (10,'Wroc³aw',633700,10),
  (11,'Poznañ',570800,11),
  (12,'Proszowice',NULL,7),
  (13,'Gliwice',200361,43),
  (14,'£ódŸ',774000,14),
  (15,'Otrêbusy',NULL,1),
  (16,'Kielce',202609,16),
  (17,'Leszno',NULL,1),
  (18,'Rumia',NULL,5),
  (19,'Niemcza',NULL,10),
  (20,'Rydzyna',NULL,11),
  (21,'Luzino',NULL,5),
  (22,'Szczecin',411900,22),
  (23,'Szczecinek',NULL,8),
  (24,'Oborniki',NULL,11),
  (25,'Z³otów',NULL,31),
  (26,'Wo³ów',NULL,10),
  (27,'Kartuzy',NULL,4),
  (28,'Radom',NULL,16),
  (29,'Swarzewo',NULL,5),
  (30,'Œwidnica',NULL,10),
  (31,'Bydgoszcz',368235,31),
  (32,'G¹bin',NULL,31),
  (33,'Tczew',NULL,5),
  (34,'Weso³a',NULL,1),
  (35,'Ostrzeszów',NULL,14),
  (36,'Puck',NULL,5),
  (37,'Elbl¹g',127655,4),
  (38,'Tarnów',NULL,7),
  (39,'I³awa',NULL,31),
  (40,'Pszczó³ki',NULL,4),
  (41,'Piaseczno',NULL,1),
  (42,'Police',NULL,22),
  (43,'Katowice',315123,43),
  (44,'Bielsk',NULL,4),
  (46,'Siechnice',NULL,10),
  (47,'Tychy',NULL,43),
  (48,'Bia³ystok',295000,48),
  (49,'Grójec',NULL,1),
  (50,'Ruda',NULL,16),
  (51,'S³upsk',99687,51),
  (52,'Lipków',NULL,1),
  (53,'Zalesie Górne',NULL,1),
  (54,'Kozienice',NULL,1),
  (55,'Toruñ',NULL,31),
  (56,'Lublin',358998,1),
  (57,'Pruszków',NULL,1),
  (58,'Kobylin',NULL,14),
  (59,'Sosnowiec',NULL,43),
  (60,'Nowa Sól',NULL,11),
  (61,'Koœcian',NULL,11),
  (62,'Pruszcz Gdañski',NULL,4),
  (63,'Rybnik',NULL,43),
  (64,'Gostynin',NULL,1),
  (65,'Bielawa',NULL,1);

COMMIT;

INSERT INTO `obszary` (`obszar_id`, `nazwa`) VALUES 
  (48,'Bia³ystok'),
  (31,'Bydgoszcz'),
  (4,'Gdañsk'),
  (5,'Gdynia'),
  (43,'Katowice'),
  (16,'Kielce'),
  (8,'Koszalin'),
  (7,'Kraków'),
  (11,'Poznañ'),
  (22,'Szczecin'),
  (51,'S³upsk'),
  (1,'Warszawa'),
  (10,'Wroc³aw'),
  (14,'£ódŸ');

COMMIT;

INSERT INTO `zlecenia` (`zlecenie_id`, `klient_id`, `data_otwarcia`, `wartosc`, `data_zamkniecia`, `miasto_realizacji_id`) VALUES 
  (1,97,'2012-01-12',854,'2012-01-27',5),
  (2,142,'2012-01-12',4494.97,'2012-01-27',4),
  (3,142,'2012-01-12',2973.87,'2012-01-27',5),
  (4,4,'2012-01-14',2134.65,'2012-01-29',4),
  (5,54,'2012-01-14',128.1,'2012-01-29',5),
  (6,42,'2012-01-19',590.48,'2012-02-03',5),
  (7,42,'2012-01-19',7694.05,'2012-02-03',5),
  (8,86,'2012-01-20',4422.5,'2012-02-04',4),
  (9,191,'2012-01-22',1819,'2012-02-06',10),
  (10,226,'2012-01-26',559.4,'2012-02-10',10),
  (11,143,'2012-01-26',195.2,'2012-02-10',4),
  (12,189,'2012-01-29',150,'2012-02-13',10),
  (13,221,'2012-01-29',642,'2012-02-13',10),
  (14,85,'2012-01-29',14640,'2012-02-13',25),
  (15,109,'2012-01-29',976,'2012-02-13',29),
  (16,32,'2012-01-29',1926,'2012-02-13',5),
  (17,42,'2012-01-29',4865.36,'2012-02-13',5),
  (18,86,'2012-01-29',3214.7,'2012-02-13',4),
  (19,42,'2012-01-31',712.48,'2012-02-15',5),
  (20,142,'2012-01-31',11559.5,'2012-02-15',4),
  (21,142,'2012-01-31',28749.54,'2012-02-15',4),
  (22,230,'2012-01-31',6534.49,'2012-02-15',10),
  (23,217,'2012-01-31',3145.8,'2012-02-15',10),
  (24,116,'2012-01-31',15725,'2012-02-15',1),
  (25,142,'2012-02-11',11073.21,'2012-02-26',4),
  (26,8,'2012-02-16',3210,'2012-03-02',5),
  (27,199,'2012-02-17',854,'2012-03-03',10),
  (28,62,'2012-02-17',1098,'2012-03-03',5),
  (29,142,'2012-02-17',2067.66,'2012-03-03',4),
  (30,42,'2012-02-20',109.8,'2012-03-06',5),
  (31,79,'2012-02-25',4955.15,'2012-03-11',4),
  (32,42,'2012-02-25',8406.29,'2012-03-11',5),
  (33,199,'2012-02-27',15343.27,'2012-03-13',10),
  (34,142,'2012-02-27',7912.43,'2012-03-13',4),
  (35,42,'2012-02-27',11675.4,'2012-03-13',5),
  (36,86,'2012-02-27',2574.2,'2012-03-13',4),
  (37,196,'2012-02-27',1337.5,'2012-03-13',10),
  (38,195,'2012-02-27',1337.5,'2012-03-13',10),
  (39,234,'2012-02-27',26964,'2012-03-13',10),
  (40,240,'2012-02-27',1337.5,'2012-03-13',10),
  (41,232,'2012-02-27',1337.5,'2012-03-13',10),
  (42,233,'2012-02-27',1337.5,'2012-03-13',10),
  (43,116,'2012-02-28',-658.8,'2012-03-14',1),
  (44,144,'2012-02-28',10474.92,'2012-03-14',5),
  (45,156,'2012-03-04',4880,'2012-03-19',1),
  (46,228,'2012-03-04',8934.5,'2012-03-19',1),
  (47,194,'2012-03-08',6466,'2012-03-23',5),
  (48,205,'2012-03-08',6100,'2012-03-23',1),
  (49,32,'2012-03-12',1926,'2012-03-27',5),
  (50,42,'2012-03-12',13199.18,'2012-03-27',5),
  (51,36,'2012-03-12',3708.8,'2012-03-27',5),
  (52,211,'2012-03-12',2500,'2012-03-27',10),
  (53,216,'2012-03-15',2675,'2012-03-30',10),
  (54,72,'2012-03-15',42.7,'2012-03-30',4),
  (55,208,'2012-03-19',5000,'2012-04-03',10),
  (56,42,'2012-03-19',439.2,'2012-04-03',5),
  (57,79,'2012-03-19',799.1,'2012-04-03',4),
  (58,8,'2012-03-26',288.9,'2012-04-10',5),
  (59,198,'2012-03-31',6420,'2012-04-15',10),
  (60,239,'2012-03-31',19816.4,'2012-04-15',10),
  (61,48,'2012-03-31',58560,'2012-04-15',11),
  (62,61,'2012-03-31',4422.5,'2012-04-15',20),
  (63,81,'2012-03-31',8112.6,'2012-04-15',14),
  (64,237,'2012-03-31',1699.99,'2012-04-15',10),
  (65,42,'2012-03-31',7127.24,'2012-04-15',5),
  (66,42,'2012-03-31',11175.44,'2012-04-15',5),
  (67,193,'2012-03-31',9885.66,'2012-04-15',10),
  (68,94,'2012-04-07',122,'2012-04-22',1),
  (69,205,'2012-04-07',9760,'2012-04-22',1),
  (70,143,'2012-04-09',7847.04,'2012-04-24',4),
  (71,17,'2012-04-15',6100,'2012-04-30',1),
  (72,214,'2012-04-16',2675,'2012-05-01',4),
  (73,142,'2012-04-19',4865.6,'2012-05-04',4),
  (74,212,'2012-04-19',6588,'2012-05-04',10),
  (75,104,'2012-04-21',8296,'2012-05-06',1),
  (76,49,'2012-04-22',195.2,'2012-05-07',18),
  (77,187,'2012-04-22',3210,'2012-05-07',40),
  (78,142,'2012-04-27',4288.79,'2012-05-12',4),
  (79,142,'2012-04-29',4288.79,'2012-05-14',4),
  (80,79,'2012-04-29',841.8,'2012-05-14',4),
  (81,215,'2012-04-29',480,'2012-05-14',10),
  (82,42,'2012-04-29',710.04,'2012-05-14',5),
  (83,238,'2012-04-30',449.4,'2012-05-15',10),
  (84,116,'2012-04-30',11687.6,'2012-05-15',1),
  (85,116,'2012-04-30',17507,'2012-05-15',1),
  (86,227,'2012-04-30',9855.04,'2012-05-15',10),
  (87,239,'2012-04-30',2324.1,'2012-05-15',10),
  (88,192,'2012-04-30',10237.76,'2012-05-15',10),
  (89,155,'2012-05-04',6954,'2012-05-19',5),
  (90,80,'2012-05-12',750.3,'2012-05-27',11),
  (91,143,'2012-05-12',2189.9,'2012-05-27',4),
  (92,143,'2012-05-12',6131.72,'2012-05-27',4),
  (93,134,'2012-05-17',4343.2,'2012-06-01',4),
  (94,47,'2012-05-20',1122.4,'2012-06-04',4),
  (95,42,'2012-05-21',1132.16,'2012-06-05',5),
  (96,35,'2012-05-31',7320,'2012-06-15',6),
  (97,213,'2012-05-31',1300,'2012-06-15',7),
  (98,219,'2012-06-11',1067.5,'2012-06-26',5),
  (99,209,'2012-06-30',2675,'2012-07-15',7),
  (100,224,'2012-06-30',14030,'2012-07-15',1),
  (101,32,'2012-06-30',7076,'2012-07-15',5),
  (102,153,'2012-06-30',7614.26,'2012-07-15',3),
  (103,79,'2012-06-30',16181.59,'2012-07-15',4),
  (104,79,'2012-06-30',22421.16,'2012-07-15',4),
  (105,142,'2012-06-30',23932.98,'2012-07-15',4),
  (106,67,'2012-06-30',35190.9,'2012-07-15',22),
  (107,148,'2012-06-30',33601.85,'2012-07-15',1),
  (108,137,'2012-06-30',56226.87,'2012-07-15',1),
  (109,218,'2012-07-09',400,'2012-07-24',10),
  (110,60,'2012-07-22',5729.12,'2012-08-06',3),
  (111,57,'2012-07-27',6100,'2012-08-11',10),
  (112,190,'2012-07-27',976,'2012-08-11',5),
  (113,86,'2012-07-29',512.4,'2012-08-13',4),
  (114,201,'2012-07-29',1220,'2012-08-13',1),
  (115,223,'2012-07-29',46803.72,'2012-08-13',10),
  (116,25,'2012-07-30',15290.26,'2012-08-14',1),
  (117,137,'2012-07-30',49215.18,'2012-08-14',1),
  (118,67,'2012-07-30',8967,'2012-08-14',22),
  (119,23,'2012-07-30',2135,'2012-08-14',6),
  (120,138,'2012-07-30',109.8,'2012-08-14',4),
  (121,143,'2012-07-30',7007.68,'2012-08-14',4),
  (122,143,'2012-07-30',595.36,'2012-08-14',4),
  (123,193,'2012-07-30',5685.2,'2012-08-14',10),
  (124,42,'2012-07-30',1794.62,'2012-08-14',5),
  (125,79,'2012-07-31',12456.2,'2012-08-15',4),
  (126,79,'2012-07-31',11636.36,'2012-08-15',4),
  (127,142,'2012-07-31',27735.97,'2012-08-15',4),
  (128,142,'2012-07-31',4082.61,'2012-08-15',4),
  (129,142,'2012-07-31',3759.31,'2012-08-15',4),
  (130,142,'2012-07-31',10415.14,'2012-08-15',5),
  (131,142,'2012-07-31',20454.52,'2012-08-15',5),
  (132,142,'2012-07-31',15515.96,'2012-08-15',5),
  (133,142,'2012-07-31',25154.69,'2012-08-15',4),
  (134,142,'2012-07-31',14420.4,'2012-08-15',4),
  (135,142,'2012-07-31',656.36,'2012-08-15',4),
  (136,193,'2012-08-05',1220,'2012-08-20',1),
  (137,210,'2012-08-05',2196,'2012-08-20',10),
  (138,220,'2012-08-06',481.5,'2012-08-21',1),
  (139,193,'2012-08-12',671,'2012-08-27',10),
  (140,160,'2012-08-16',3377.45,'2012-08-31',5),
  (141,79,'2012-08-16',34520.63,'2012-08-31',4),
  (142,79,'2012-08-16',12656.28,'2012-08-31',4),
  (143,153,'2012-08-16',4802.41,'2012-08-31',3),
  (144,222,'2012-08-16',973.56,'2012-08-31',10),
  (145,16,'2012-08-17',122,'2012-09-01',9),
  (146,25,'2012-08-17',6087.8,'2012-09-01',1),
  (147,142,'2012-08-20',841.8,'2012-09-04',4),
  (148,24,'2012-08-20',1830,'2012-09-04',1),
  (149,67,'2012-08-23',69538.17,'2012-09-07',22),
  (150,65,'2012-08-23',1567.46,'2012-09-07',4),
  (151,42,'2012-08-27',128.1,'2012-09-11',5),
  (152,60,'2012-08-27',7835.82,'2012-09-11',3),
  (153,225,'2012-08-27',856,'2012-09-11',10),
  (154,202,'2012-08-30',3489.2,'2012-09-14',10),
  (155,101,'2012-08-30',1830,'2012-09-14',4),
  (156,47,'2012-08-30',9836.86,'2012-09-14',4),
  (157,79,'2012-08-31',41201.35,'2012-09-15',4),
  (158,200,'2012-08-31',1487.3,'2012-09-15',10),
  (159,197,'2012-09-01',1000,'2012-09-16',5),
  (160,236,'2012-09-06',722.25,'2012-09-21',10),
  (161,204,'2012-09-06',2140,'2012-09-21',41),
  (162,231,'2012-09-06',1926,'2012-09-21',5),
  (163,80,'2012-09-10',9821,'2012-09-25',5),
  (164,207,'2012-09-10',2000.8,'2012-09-25',5),
  (165,206,'2012-09-10',5723.26,'2012-09-25',10),
  (166,204,'2012-09-14',321,'2012-09-29',5),
  (167,82,'2012-09-16',1284,'2012-10-01',5),
  (168,143,'2012-09-17',12263.44,'2012-10-02',4),
  (169,47,'2012-09-17',10222.38,'2012-10-02',4),
  (170,229,'2012-09-21',321,'2012-10-06',10),
  (171,116,'2012-09-22',3074.4,'2012-10-07',1),
  (172,235,'2012-09-22',2140,'2012-10-07',10),
  (173,153,'2012-09-22',37571.12,'2012-10-07',3),
  (174,37,'2012-09-28',86114.92,'2012-10-13',5),
  (175,86,'2012-09-28',30288.7,'2012-10-13',4),
  (176,42,'2012-09-28',408.7,'2012-10-13',5),
  (177,203,'2012-09-28',1100,'2012-10-13',10),
  (178,163,'2012-09-29',4343.2,'2012-10-14',10),
  (179,93,'2012-09-29',8198.4,'2012-10-14',26),
  (180,79,'2012-09-30',8696.4,'2012-10-15',4),
  (181,127,'2012-09-30',3742.96,'2012-12-12',5),
  (182,27,'2012-09-30',8918.93,'2012-10-15',4),
  (183,44,'2012-09-30',1098,'2012-10-15',1),
  (184,32,'2012-09-30',4815,'2012-10-15',5),
  (199,190,'2012-12-16',1000,'2012-12-16',10),
  (201,1,'2012-12-20',0,'2013-01-04',1),
  (202,8,'2012-12-20',1234,'2012-12-25',5),
  (203,143,'2012-11-25',0,'2012-12-10',4),
  (205,143,'2012-11-25',0,'2012-12-10',1),
  (206,143,'2012-11-25',0,'2012-12-10',1),
  (207,142,'2012-12-03',0,'2012-12-18',1),
  (208,142,'2012-12-03',0,'2012-12-18',4),
  (209,131,'2012-12-15',1200,'2012-12-30',5),
  (210,79,'2012-12-14',12370,'2012-12-29',4),
  (211,86,'2012-11-19',0,'2012-12-04',4),
  (212,86,'2012-11-19',0,'2012-12-04',4),
  (213,79,'2012-12-01',0,'2012-12-16',4),
  (214,245,'2012-10-12',5110,'2012-10-27',1),
  (215,147,'2012-11-29',124292,'2012-12-14',5),
  (216,143,'2012-12-27',0,'2013-01-11',4),
  (217,131,'2012-12-28',0,'2013-01-12',5),
  (218,8,'2012-12-29',8,'2013-01-13',5),
  (219,8,'2012-10-25',28,'2012-11-09',5),
  (220,246,'2012-12-02',0,'2013-01-31',1),
  (221,247,'2012-12-29',15000,'2013-01-13',1),
  (222,32,'2012-10-27',4500,'2012-11-11',5),
  (223,248,'2012-11-16',2000,'2012-12-01',1),
  (224,26,'2012-12-30',0,'2013-01-14',4),
  (225,79,'2013-01-03',12257,'2013-01-18',4),
  (226,42,'2012-12-28',0,'2013-01-12',5),
  (227,143,'2013-01-03',0,'2013-02-07',4),
  (228,249,'2013-01-04',1000,'2013-01-19',1),
  (229,221,'2013-01-05',1500,'2013-01-20',10),
  (230,72,'2013-01-07',1050,'2013-01-22',4),
  (231,142,'2013-01-10',12600,'2013-01-31',4),
  (232,86,'2013-01-08',0,'2013-02-07',4),
  (233,142,'2013-01-11',12250,'2013-01-31',4),
  (234,250,'2013-01-07',495,'2013-02-07',42),
  (235,251,'2013-01-07',600,'2013-01-22',1),
  (236,252,'2013-01-05',6000,'2013-01-20',43),
  (237,222,'2013-01-21',1400,'2013-02-07',10),
  (238,147,'2013-01-25',2625.42,'2013-01-28',5),
  (239,1007,'2013-01-25',4000,'2013-01-31',28),
  (240,1008,'2013-02-03',2200.03,'2013-02-18',31),
  (241,1009,'2013-02-02',3996,'2013-02-17',1),
  (242,79,'2013-02-03',7275.6,'2013-02-18',4),
  (243,1010,'2013-01-24',800,'2013-02-08',7),
  (244,1011,'2013-02-04',1100,'2013-02-19',1),
  (246,1012,'2012-11-22',2000,'2012-12-07',7),
  (247,1013,'2012-12-15',3000,'2012-12-30',7),
  (248,1014,'2013-02-09',2530,'2013-02-24',10),
  (249,1015,'2013-01-04',7666,'2013-01-19',1),
  (250,1016,'2012-12-29',3300,'2013-01-13',1),
  (251,1017,'2013-01-05',25622,'2013-01-20',10),
  (252,1018,'2013-01-10',18572.4,'2013-01-25',46),
  (253,1016,'2013-01-28',2480,'2013-02-12',1),
  (255,143,'2013-02-10',986.7,'2013-02-25',4),
  (256,8,'2013-01-27',1000,'2013-02-11',5),
  (257,142,'2013-01-20',1500,'2013-02-21',4),
  (258,32,'2013-02-09',120,'2013-02-24',5),
  (259,1019,'2013-02-19',4100,'2013-03-06',1),
  (260,1020,'2013-02-21',6100,'2013-03-08',47),
  (261,7,'2013-02-17',3530,'2013-03-04',4),
  (262,1021,'2013-02-10',1000,'2013-02-25',4),
  (263,147,'2013-02-19',3591,'2013-03-06',5),
  (264,143,'2013-02-16',22428,'2013-03-03',4),
  (265,8,'2013-02-22',1410,'2013-03-09',5),
  (266,1022,'2013-02-28',240,'2013-03-15',1),
  (267,147,'2013-02-28',0,'2013-02-28',5),
  (268,59,'2013-02-28',630,'2013-03-15',5),
  (269,79,'2013-03-01',12126,'2013-03-16',4),
  (270,79,'2013-03-01',12342,'2013-03-16',4),
  (271,79,'2013-03-01',6660,'2013-03-16',4),
  (272,42,'2013-03-01',4915.68,'2013-03-16',5),
  (273,42,'2013-03-01',4564.56,'2013-03-16',5),
  (274,147,'2013-03-02',38974.32,'2013-03-30',5),
  (275,147,'2013-03-03',20364.96,'2013-03-18',5),
  (276,42,'2013-03-03',4676.36,'2013-03-18',5),
  (277,79,'2013-03-03',8372,'2013-03-18',4),
  (278,42,'2013-03-04',5305.8,'2013-03-19',5),
  (279,42,'2013-03-07',4213.44,'2013-03-22',5),
  (280,79,'2013-03-08',2820.3,'2013-03-23',4),
  (281,1023,'2013-03-15',420,'2013-03-30',1),
  (282,251,'2013-03-16',4100,'2013-03-31',1),
  (283,102,'2013-03-04',1820,'2013-03-19',4),
  (285,82,'2013-03-16',1184,'2013-03-31',5),
  (286,32,'2013-03-11',240,'2013-03-26',5),
  (287,1020,'2013-03-21',812,'2013-04-05',47),
  (288,1024,'2013-03-21',1250,'2013-04-05',1),
  (289,1025,'2013-03-21',100,'2013-04-05',1),
  (290,79,'2013-03-22',4042,'2013-04-06',4),
  (291,1026,'2013-03-22',22680,'2013-03-30',11),
  (292,250,'2013-03-18',500,'2013-04-02',42),
  (293,79,'2013-04-01',11721.8,'2013-04-16',4),
  (294,79,'2013-04-01',40908.7,'2013-04-16',4),
  (295,147,'2013-04-01',14747.04,'2013-04-16',5),
  (296,1027,'2013-04-01',8032,'2013-04-16',1),
  (297,90,'2013-03-31',1020,'2013-04-03',3),
  (298,1028,'2013-04-01',320,'2013-04-16',1),
  (302,138,'2013-04-04',120,'2013-04-19',4),
  (303,32,'2013-03-31',250,'2013-04-15',5),
  (304,32,'2013-01-13',100,'2013-01-28',5),
  (305,32,'2013-04-05',11289.6,'2013-04-20',5),
  (306,247,'2013-04-05',4326,'2013-04-20',1),
  (307,1029,'2013-04-06',2600,'2013-04-21',7),
  (308,79,'2013-04-11',8477.8,'2013-04-26',4),
  (309,1031,'2013-03-24',21546,'2013-04-08',1),
  (310,205,'2013-04-19',2332,'2013-05-04',1),
  (311,205,'2013-04-19',1150,'2013-05-04',1),
  (312,88,'2013-04-20',5187,'2013-05-05',4),
  (313,143,'2013-04-26',4788,'2013-05-11',4),
  (314,1030,'2013-04-26',370,'2013-05-11',1),
  (315,1032,'2013-04-06',44630,'2013-04-21',1),
  (316,1034,'2013-02-18',132526,'2013-03-05',10),
  (317,1036,'2013-03-15',238160,'2013-03-30',10),
  (318,1034,'2013-02-18',31400,'2013-03-05',10),
  (319,1037,'2013-04-26',9828.02,'2013-05-11',1),
  (320,1038,'2013-03-22',5040,'2013-04-06',1),
  (321,1033,'2013-04-23',1500,'2013-05-08',1),
  (322,1039,'2013-05-02',7824,'2013-05-17',1),
  (323,79,'2013-05-04',16220,'2013-05-19',4),
  (324,79,'2013-05-05',6553,'2013-05-20',4),
  (325,1040,'2013-05-10',660,'2013-05-25',1),
  (326,1041,'2013-04-18',1800,'2013-05-03',1),
  (327,86,'2013-05-04',3520,'2013-05-19',4),
  (328,1042,'2013-05-09',550,'2013-05-24',4),
  (329,82,'2013-04-20',500,'2013-05-05',5),
  (330,1043,'2013-04-25',0,'2013-05-10',4),
  (331,1044,'2013-04-21',1650,'2013-05-06',31),
  (332,1045,'2013-05-12',13069,'2013-05-27',48),
  (333,1046,'2013-05-18',3600,'2013-06-02',28),
  (334,1047,'2013-05-09',1962,'2013-05-24',49),
  (335,32,'2013-05-24',546,'2013-06-08',5),
  (336,1048,'2013-05-23',1500,'2013-06-07',1),
  (337,1049,'2013-05-25',1560,'2013-06-09',1),
  (338,86,'2013-06-01',1593.9,'2013-06-16',4),
  (339,88,'2013-06-03',21018.4,'2013-06-18',4),
  (340,8,'2013-06-03',3698.4,'2013-06-18',5),
  (341,147,'2013-06-03',4915.68,'2013-06-18',5),
  (342,143,'2013-06-03',5426.4,'2013-06-18',4),
  (343,1050,'2013-06-04',3420,'2013-06-19',3),
  (344,143,'2013-06-07',5107.2,'2013-06-22',4),
  (345,90,'2013-06-07',1760,'2013-06-22',3),
  (346,138,'2013-06-13',1540,'2013-06-28',4),
  (347,1051,'2013-06-13',3100,'2013-06-28',4),
  (348,1052,'2013-06-13',1400,'2013-06-28',4),
  (349,86,'2013-06-13',660,'2013-06-28',4),
  (350,1053,'2013-06-11',11000,'2013-06-29',28),
  (351,79,'2013-06-15',17116.8,'2013-06-30',4),
  (352,1054,'2013-06-17',350,'2013-07-02',1),
  (353,88,'2013-06-20',4389,'2013-07-05',4),
  (354,1040,'2013-06-20',660,'2013-07-05',1),
  (355,1055,'2013-06-20',5700,'2013-07-05',1),
  (356,52,'2013-06-21',2829.4,'2013-07-06',4),
  (357,1056,'2013-06-27',300,'2013-07-12',1),
  (358,86,'2013-06-27',8778,'2013-07-12',4),
  (359,1057,'2013-06-27',810,'2013-07-12',18),
  (360,11,'2013-06-27',990,'2013-07-12',4),
  (361,1058,'2013-06-27',5400,'2013-07-12',1),
  (363,86,'2013-06-06',2800,'2013-06-21',4),
  (364,1059,'2013-06-10',20602,'2013-06-25',1),
  (365,1060,'2013-07-03',4500,'2013-07-18',10),
  (366,1061,'2013-06-17',12912,'2013-07-02',10),
  (367,1016,'2013-06-21',1270,'2013-07-06',1),
  (368,1062,'2013-06-24',3700,'2013-07-09',10),
  (369,1063,'2013-06-03',4238,'2013-06-18',7),
  (370,1064,'2013-06-27',3000,'2013-07-12',11),
  (371,1065,'2013-06-17',350,'2013-07-02',10),
  (372,1066,'2013-06-30',1150,'2013-07-15',10),
  (373,1067,'2013-06-28',2200,'2013-07-13',10),
  (374,86,'2013-07-04',3960,'2013-07-04',4),
  (375,1068,'2013-07-04',1350,'2013-07-19',10),
  (376,1069,'2013-07-04',2000,'2013-07-19',1),
  (377,1070,'2013-07-05',800,'2013-07-20',4),
  (378,11,'2013-07-04',0,'2013-07-19',4),
  (379,1071,'2013-07-12',1600,'2013-07-27',1),
  (380,1016,'2013-07-15',5800,'2013-07-30',1),
  (381,9,'2013-07-26',11970,'2013-08-10',1),
  (382,1072,'2013-07-27',11280,'2013-08-11',1),
  (383,142,'2013-07-27',5477.4,'2013-08-11',4),
  (384,1043,'2013-07-27',1440,'2013-08-11',4),
  (385,1073,'2013-07-27',1800,'2013-08-11',10),
  (386,1074,'2013-07-27',9000,'2013-08-11',1),
  (387,82,'2013-07-27',1800,'2013-08-11',5),
  (389,147,'2013-07-29',3027.04,'2013-08-13',5),
  (390,32,'2013-07-27',7638,'2013-08-11',5),
  (391,1075,'2013-07-25',175,'2013-08-09',43),
  (392,1076,'2013-07-27',2200,'2013-08-11',48),
  (393,1077,'2013-07-25',4200,'2013-08-09',50),
  (394,86,'2013-08-01',6384,'2013-08-16',4),
  (395,1016,'2013-08-01',2080,'2013-08-16',1),
  (396,90,'2013-08-05',270,'2013-08-20',3),
  (397,37,'2013-08-05',86364.2,'2013-08-20',5),
  (398,1078,'2013-07-19',3000,'2013-08-03',7),
  (399,1079,'2013-08-03',1300,'2013-08-18',48),
  (400,1080,'2013-07-20',9322,'2013-08-04',51),
  (401,82,'2013-08-10',1890,'2013-08-25',5),
  (402,8,'2013-08-16',15000,'2013-08-31',5),
  (403,1081,'2013-08-13',2400,'2013-08-28',1),
  (404,1082,'2013-08-17',8100,'2013-09-01',1),
  (405,1083,'2013-08-23',3500,'2013-09-07',1),
  (406,1084,'2013-08-23',120,'2013-09-07',1),
  (407,1085,'2013-08-24',6660,'2013-09-08',1),
  (408,1086,'2013-08-24',950,'2013-09-08',1),
  (409,1087,'2013-08-25',120,'2013-09-09',11),
  (410,1075,'2013-08-29',11571,'2013-09-13',43),
  (411,1088,'2013-08-29',300,'2013-09-13',4),
  (412,1089,'2013-08-29',800,'2013-09-13',1),
  (413,1090,'2013-08-29',8500,'2013-09-13',28),
  (414,1091,'2013-08-27',27200,'2013-09-11',7),
  (415,88,'2013-08-26',5187,'2013-09-10',4),
  (416,1092,'2013-08-31',1120,'2013-09-15',52),
  (417,1093,'2013-09-10',17200,'2013-09-25',10),
  (418,1094,'2013-09-02',4200,'2013-09-17',10),
  (419,1095,'2013-09-10',2000,'2013-09-25',10),
  (420,116,'2013-09-10',3000,'2013-09-25',1),
  (421,1036,'2013-09-08',97085.53,'2013-09-23',10),
  (422,1096,'2013-09-10',3200,'2013-09-25',30),
  (423,79,'2013-09-12',38111.4,'2013-09-27',4),
  (424,1097,'2013-09-13',5920.2,'2013-09-28',1),
  (425,1098,'2013-09-12',2700,'2013-09-27',1),
  (426,1098,'2013-09-12',6300,'2013-09-27',1),
  (427,69,'2013-09-15',1920,'2013-09-30',4),
  (428,1099,'2013-09-09',13100,'2013-09-24',11),
  (429,1100,'2013-09-08',792,'2013-09-23',4),
  (430,1101,'2013-09-05',800,'2013-09-20',1),
  (431,1102,'2013-09-26',1100,'2013-10-11',1),
  (432,1040,'2013-09-26',1000,'2013-10-11',1),
  (433,1103,'2013-09-26',800,'2013-12-23',4),
  (434,8,'2013-09-26',1500,'2013-10-11',5),
  (435,32,'2013-09-26',1000,'2013-10-11',5),
  (436,37,'2013-09-20',128174.76,'2013-10-05',5),
  (437,1100,'2013-09-30',540,'2013-10-15',4),
  (438,1104,'2013-09-30',8379,'2013-10-15',1),
  (439,1105,'2013-09-30',700,'2013-10-15',1),
  (440,1057,'2013-09-20',720,'2013-10-05',18),
  (441,1106,'2013-09-08',40,'2013-09-23',1),
  (442,29,'2013-09-28',4400,'2013-11-25',1),
  (443,1107,'2013-10-04',3570,'2013-11-25',1),
  (444,1108,'2013-10-04',650,'2013-10-19',1),
  (445,246,'2013-10-05',0,'2013-10-20',1),
  (446,1109,'2013-10-06',400,'2013-10-21',1),
  (447,86,'2013-09-16',1060,'2013-10-01',4),
  (448,1110,'2013-10-05',3220,'2013-10-20',10),
  (450,1067,'2013-09-21',740,'2013-10-06',7),
  (451,1111,'2013-09-28',1100,'2013-10-13',7),
  (452,1112,'2013-09-29',1100,'2013-10-14',10),
  (453,1113,'2013-10-18',13640,'2013-11-02',5),
  (454,142,'2013-10-19',11297.6,'2013-12-14',7),
  (455,1102,'2013-10-19',1100,'2013-11-25',1),
  (456,1114,'2013-10-10',1500,'2013-10-25',10),
  (457,1115,'2013-10-12',1070,'2013-10-27',10),
  (458,1116,'2013-10-14',880,'2013-10-29',4),
  (459,1057,'2013-10-17',120,'2013-11-01',18),
  (460,1098,'2013-10-12',540,'2013-10-27',1),
  (461,1098,'2013-10-25',50,'2013-11-09',1),
  (462,1117,'2013-10-26',8000,'2013-12-14',1),
  (463,37,'2013-11-01',93730.32,'2013-12-14',5),
  (464,29,'2013-11-09',2400,'2014-01-04',1),
  (465,1118,'2013-11-14',800,'2013-11-29',1),
  (466,1057,'2013-11-09',2535,'2013-12-05',18),
  (467,52,'2013-11-09',1692,'2013-12-10',4),
  (468,72,'2013-11-07',3825,'2013-12-11',4),
  (469,1119,'2013-11-04',4290,'2014-12-30',3),
  (471,1120,'2013-11-14',3900,'2013-12-14',53),
  (472,1121,'2013-11-17',3000,'2014-02-13',7),
  (473,1122,'2013-11-15',320,'2013-12-05',4),
  (474,1123,'2013-11-23',350,'2013-12-14',1),
  (475,90,'2013-11-16',2635,'2014-12-22',3),
  (476,8,'2013-11-22',5200,'2013-12-07',7),
  (477,1124,'2013-11-24',2400,'2013-12-28',54),
  (478,1125,'2013-11-21',3000,'2014-12-30',1),
  (479,79,'2013-11-29',17828.92,'2014-01-12',4),
  (480,82,'2013-11-24',7000,'2013-12-09',5),
  (481,1098,'2013-11-29',50,'2013-12-14',1),
  (482,1126,'2013-12-06',0,'2013-12-06',14),
  (483,1126,'2013-11-28',7786,'2013-12-13',14),
  (484,224,'2013-12-07',1350,'2014-01-04',1),
  (485,142,'2013-12-12',399,'2013-12-27',4),
  (486,36,'2013-12-06',3390,'2014-12-30',5),
  (487,1127,'2013-12-07',3790.5,'2014-01-12',1),
  (488,1100,'2013-12-16',160,'2013-12-31',4),
  (489,1126,'2013-12-10',19995.22,'2014-01-05',14),
  (490,1128,'2013-12-11',1000,'2013-12-26',55),
  (491,1129,'2013-12-27',2550,'2014-02-13',41),
  (492,1130,'2014-01-03',3720,'2014-02-13',1),
  (493,1131,'2013-12-12',1339.8,'2014-01-09',4),
  (494,1132,'2014-01-03',385,'2014-02-07',56),
  (495,86,'2014-01-02',2340,'2014-02-13',4),
  (496,143,'2013-12-20',61366.2,'2014-02-14',7),
  (497,1133,'2014-01-04',3600,'2014-03-03',1),
  (498,147,'2014-01-03',16758,'2014-01-18',5),
  (499,79,'2013-12-29',9363,'2014-02-13',4),
  (500,143,'2014-01-05',2700,'2014-01-20',4),
  (501,1134,'2014-01-19',2880,'2014-02-13',4),
  (502,1135,'2014-01-12',220,'2014-02-13',1),
  (503,1091,'2014-01-11',1395,'2014-02-13',7),
  (504,1136,'2014-01-14',2000,'2014-03-16',1),
  (505,1135,'2014-01-18',100,'2014-02-13',1),
  (506,204,'2014-01-16',3605,'2014-03-14',41),
  (507,1137,'2014-02-02',2192,'2014-02-20',1),
  (508,1138,'2014-02-01',1500,'2014-03-30',1),
  (509,1139,'2014-02-06',400,'2014-03-03',1),
  (510,1026,'2014-01-01',2730,'2014-04-10',11),
  (511,1133,'2014-01-03',3600,'2014-03-03',1),
  (512,1140,'2014-02-15',679.8,'2014-02-20',1),
  (513,1141,'2014-01-23',1608,'2014-03-02',1),
  (514,1142,'2014-01-31',1650,'2014-03-02',4),
  (515,79,'2014-02-13',9382.5,'2014-03-14',4),
  (516,1143,'2014-01-31',3000,'2014-03-16',6),
  (517,1144,'2014-02-11',9780,'2014-03-29',1),
  (518,42,'2014-02-13',1299.8,'2014-03-06',5),
  (520,1145,'2014-02-17',410,'2014-03-17',1),
  (521,1092,'2014-02-23',1080,'2014-03-17',52),
  (522,81,'2014-02-13',5389,'2014-03-13',14),
  (523,1146,'2014-02-20',660,'2014-03-13',1),
  (524,118,'2014-02-14',1000,'2014-03-01',7),
  (526,1147,'2014-01-07',2052,'2014-03-14',1),
  (527,1148,'2014-02-24',13757.6,'2014-04-04',4),
  (528,1149,'2014-02-27',1740,'2014-04-03',57);

COMMIT;

INSERT INTO `zlecenia` (`zlecenie_id`, `klient_id`, `data_otwarcia`, `wartosc`, `data_zamkniecia`, `miasto_realizacji_id`) VALUES 
  (529,1150,'2014-03-06',900,'2014-03-14',1),
  (530,1151,'2014-03-07',150,'2014-03-09',1),
  (531,1152,'2013-10-21',5000,'2013-11-05',58),
  (532,1152,'2013-11-23',2750,'2013-12-08',58),
  (533,1153,'2013-11-22',2392,'2013-12-07',59),
  (534,1154,'2013-12-22',3860,'2014-02-08',10),
  (535,1155,'2014-03-08',280,'2014-03-15',10),
  (536,1155,'2014-01-04',840,'2014-01-25',10),
  (537,1155,'2014-02-01',840,'2014-02-23',10),
  (538,1155,'2014-01-25',240,'2014-02-09',10),
  (539,1156,'2014-01-20',8420,'2014-03-14',10),
  (540,1157,'2014-01-31',1450,'2014-03-14',10),
  (541,1158,'2014-01-26',123,'2014-01-26',60),
  (542,1158,'2014-01-31',1000,'2014-02-15',60),
  (543,1159,'2014-02-14',1000,'2014-03-01',10),
  (544,1160,'2014-02-24',1000,'2014-03-11',10),
  (545,1161,'2014-02-28',1000,'2014-03-15',10),
  (546,1162,'2014-03-03',1000,'2014-03-18',1),
  (547,1163,'2014-02-28',1000,'2014-03-15',1),
  (548,1164,'2014-03-08',1000,'2014-03-23',10),
  (549,1165,'2014-02-22',1000,'2014-03-09',61),
  (550,1166,'2014-03-08',1000,'2014-03-23',10),
  (551,1166,'2014-02-25',1000,'2014-03-12',10),
  (552,136,'2014-03-09',1000,'2014-03-24',10),
  (553,1167,'2014-03-09',10980,'2014-05-04',1),
  (554,1168,'2014-03-01',720,'2014-03-13',62),
  (555,247,'2014-03-06',1440,'2014-03-29',1),
  (556,247,'2014-03-06',70,'2014-03-29',1),
  (557,86,'2014-03-14',3432,'2014-03-29',4),
  (558,32,'2014-03-15',2700,'2014-04-10',5),
  (560,1151,'2014-03-14',1560,'2014-04-13',1),
  (561,29,'2014-03-10',3280,'2014-05-04',1),
  (562,1169,'2014-03-21',2100,'2014-05-02',1),
  (563,1134,'2014-03-27',1000,'2014-04-11',4),
  (564,1131,'2014-03-24',1495,'2014-04-13',4),
  (565,42,'2014-03-28',4048,'2014-04-25',5),
  (566,32,'2014-03-23',1170,'2014-04-13',5),
  (567,1170,'2014-03-22',3020,'2014-05-04',63),
  (568,1147,'2014-04-01',900,'2014-04-25',1),
  (569,7,'2014-04-30',6169.8,'2014-05-04',4),
  (570,1171,'2014-04-05',2880,'2014-05-12',64),
  (571,1085,'2014-04-04',480,'2014-04-25',1),
  (572,86,'2014-04-05',1270,'2014-05-10',4),
  (573,1172,'2014-04-10',140,'2014-05-04',4),
  (574,1173,'2014-04-14',241.2,'2014-05-10',4),
  (575,86,'2014-04-19',1440,'2014-05-04',4),
  (576,131,'2014-04-24',1000,'2014-05-09',5),
  (577,1174,'2014-04-25',1000,'2014-05-10',1),
  (578,1175,'2014-04-24',1000,'2014-05-09',65),
  (579,82,'2014-04-24',1000,'2014-05-09',5),
  (580,147,'2014-04-28',1000,'2014-05-13',5),
  (581,79,'2014-04-25',4075.8,'2014-05-10',4),
  (582,1176,'2014-05-09',1000,'2014-05-24',1),
  (583,1177,'2014-04-23',2440,'2014-05-08',1),
  (584,86,'2014-05-13',1000,'2014-05-28',4);

COMMIT;
